<TextureAtlas imagePath="sprites.png">
	<SubTexture name="elephant.png" x="0" y="0" width="376" height="310"/>
	<SubTexture name="giraffe.png" x="0" y="599" width="334" height="350"/>
	<SubTexture name="hippo.png" x="0" y="1525" width="294" height="293"/>
	<SubTexture name="monkey.png" x="0" y="312" width="336" height="285"/>
	<SubTexture name="panda.png" x="0" y="951" width="332" height="285"/>
	<SubTexture name="parrot.png" x="378" y="0" width="284" height="285"/>
	<SubTexture name="penguin.png" x="296" y="1525" width="284" height="285"/>
	<SubTexture name="pig.png" x="0" y="1238" width="316" height="285"/>
	<SubTexture name="rabbit.png" x="338" y="312" width="284" height="370"/>
	<SubTexture name="snake.png" x="334" y="951" width="284" height="321"/>
</TextureAtlas>