<TextureAtlas imagePath="sprites.png">
	<SubTexture name="elephant.png" x="0" y="0" width="348" height="282"/>
	<SubTexture name="giraffe.png" x="0" y="543" width="306" height="322"/>
	<SubTexture name="hippo.png" x="0" y="1385" width="264" height="264"/>
	<SubTexture name="monkey.png" x="0" y="284" width="308" height="257"/>
	<SubTexture name="panda.png" x="0" y="867" width="304" height="257"/>
	<SubTexture name="parrot.png" x="266" y="1385" width="256" height="257"/>
	<SubTexture name="penguin.png" x="290" y="1126" width="256" height="257"/>
	<SubTexture name="pig.png" x="0" y="1126" width="288" height="257"/>
	<SubTexture name="rabbit.png" x="0" y="1651" width="256" height="341"/>
	<SubTexture name="snake.png" x="258" y="1651" width="256" height="291"/>
</TextureAtlas>