<TextureAtlas imagePath="sprites.png">
	<SubTexture name="elephant.png" x="0" y="0" width="424" height="342"/>
	<SubTexture name="giraffe.png" x="0" y="963" width="382" height="370"/>
	<SubTexture name="hippo.png" x="0" y="1642" width="333" height="344"/>
	<SubTexture name="monkey.png" x="0" y="344" width="392" height="284"/>
	<SubTexture name="panda.png" x="0" y="630" width="392" height="331"/>
	<SubTexture name="parrot.png" x="361" y="1335" width="284" height="284"/>
	<SubTexture name="penguin.png" x="335" y="1642" width="284" height="284"/>
	<SubTexture name="pig.png" x="0" y="1335" width="359" height="305"/>
	<SubTexture name="rabbit.png" x="394" y="344" width="284" height="414"/>
	<SubTexture name="snake.png" x="384" y="963" width="284" height="334"/>
</TextureAtlas>